{
    "total_runtime": 189.36232709884644,
    "num_documents": 1,
    "input_load_time": 0,
    "workflows": {
        "create_base_text_units": {
            "overall": 0.10281777381896973
        },
        "create_final_documents": {
            "overall": 0.02527308464050293
        },
        "extract_graph": {
            "overall": 106.55735516548157
        },
        "finalize_graph": {
            "overall": 0.0656282901763916
        },
        "create_communities": {
            "overall": 0.08679056167602539
        },
        "create_final_text_units": {
            "overall": 0.033991336822509766
        },
        "create_community_reports": {
            "overall": 73.52235960960388
        },
        "generate_text_embeddings": {
            "overall": 8.869296550750732
        }
    }
}